gene, B cells_naive, Monocytes_CD14+, Monocytes_CD16+, NK cells, T cells_CD4+_memory TREG, T cells_CD4+_naive, T cells_CD4+_naive_stimulated, T cells_CD4+_naive TREG, T cells_CD4+_TFH, T cells_CD4+_Th1_17, T cells_CD4+_Th17, T cells_CD4+_Th1, T cells_CD4+_Th2, T cells_CD8+_naive, T cells_CD8+_naive_stimulated
ABCF1,1.385589751,,-1.448637783,,,1.048603906,,1.593748528,1.490398537,,1.346999449,1.810553207,1.314188007,1.080208391,
ABHD18,,-1.972358786,-3.401902761,,,,,3.36635388,,,,3.359657332,2.882135073,2.324239912,
ABLIM1,,-4.291873499,,,2.921830477,,,2.182509537,,,,,2.156357397,,
AC007384.1,,-2.334922001,,2.79524942,2.763512181,,,,,3.560446613,,,,,
AC008937.2,,,-2.809611973,,,,,,,,6.226057937,,,,
AC010609.1,,,,-1.025755087,7.179265301,,2.223513382,5.609600065,,7.591830612,7.359385394,8.306798367,6.785026678,,
AC114760.2,-1.340692572,,-3.349017576,,3.555222349,,,,2.317816719,,,,,,
AC245014.3,2.767247596,-3.167080965,,2.758564139,6.103201957,,,5.261739213,4.245602745,,,3.73455779,,4.371736993,
AC253572.2,,-2.186236704,,3.34022665,,2.711412919,,4.848092432,4.175508854,,,3.917721428,,,
ACACA,,-2.151380555,,,,2.572163857,,,3.333900995,4.031229168,3.989208314,3.641141803,2.486045441,3.102943585,
ACAP2,,,,,,,,,,,,,-1.299795356,1.299622777,
ACBD3,,,-3.419725373,,,1.140229562,,,1.655437764,1.790778595,1.76326149,1.626485862,,1.411766182,
ACBD5,,-0.696384437,,,,,,,,,,,,1.239476331,
ACTR10,,,,-0.930300038,,1.257817294,,,,,,,,,
ACTR2,,,,,,0.512135477,,,0.549811686,-1.340356614,-2.368736395,,-1.867206062,0.545828027,
ADAM10,,,,,,,,1.515347062,,,,,-1.503886325,1.449851386,
ADAR,1.097422565,,,,,0.806214159,,1.343264922,1.288861298,,,,-1.634794151,1.013360113,
ADARB2,6.301664964,,,-4.728591221,,,,,,,,,,,
ADD1,,,,-0.637035661,,0.765388008,,,,,,,,,
AFAP1,,-4.848920961,,,,3.180505759,,,,3.324840203,,,,,
AGPAT5,,-3.898277965,,,,,-2.281889876,,,,,2.231405818,2.126375493,,
AIMP1,,-0.57051976,-2.332731533,,-2.551300242,,,,0.837206356,,,,,0.747954461,
AKAP9,,,-1.810801691,,,0.788269145,,,,1.041612352,,0.879261369,,,
AL109930.1,,,,,,,,4.130737093,,,,,-4.09535621,,
AL139246.5,2.468786375,,-2.879564442,1.556958189,,,,,,,,,,,
AL157402.2,,,-1.674556087,,,,,,7.273796394,,,,,,
AL360012.1,4.069892134,-2.328802388,,3.371113807,,,,5.148855284,,,,4.237992143,,,
ALG5,,,-3.956033775,,,0.943791268,,,,,,,,,
ANKRD10,,,,0.995720278,,,,,,,,,-1.237611117,,
ANKRD13C,-0.862744926,,,-1.408204545,3.075190444,,,,2.728577164,,3.477499364,2.867797372,2.520475864,,
ANKUB1,,,,-1.802852222,,,,,,,,7.478475895,,-1.405497492,
ANXA11,-0.676324749,,1.235010018,,-3.40768255,,,,,,,,,-0.606459718,
AP000787.1,,,,,3.859703386,,,,,-1.882141461,-2.202733018,-1.948287123,,,
AP2A1,,,-0.969503377,0.781757903,,,,,,,,,,,
AP3S1,,0.746831167,-3.127674604,0.954971849,,,,,,,,,,,
API5,,-0.934547084,,,,,,,1.061735084,,,,,1.241851849,
APOL3,,-1.983587889,-2.746072403,1.521349432,,1.326490727,,,,1.693488013,1.888573339,,,1.468093777,
APOL6,,,-1.762227662,,,1.016026279,2.398732199,,1.259319941,1.33989932,,1.423503925,,0.949499888,
ARFGAP2,,1.021809478,-1.469897523,,,0.860356007,,,,,,,,,
ARHGAP12,,,,-1.431210463,2.863314621,-0.601353317,,,,,,,,,
ARHGAP32,,-2.118455462,,,,4.302254726,,,,,,,,,
ARHGAP4,,,-1.501553035,,,,,,1.055849512,1.603438886,,1.549253152,1.262711543,,
ARHGAP5,-1.002894323,,,,,,-1.713374291,,0.817964179,,,,,,
ARHGDIA,,,,,,,,,0.94395465,-2.626687568,,,,,
ARID5B,,,-2.040984758,,,,1.498983181,,,,,,,,
ARL4C,,,,,-2.979068351,,3.320976554,-1.323929522,,,,,,,
ARL6IP1,0.771580637,,,-0.813926486,,,,,,,,,,-0.689091993,
ARPP19,1.508037303,0.615107944,-1.85264868,0.682955649,,1.149218231,,1.512495976,1.196872178,1.230663413,,,,1.270004225,
ARRDC2,,1.426204825,,1.280024433,,,-2.15914517,,2.10572109,2.012510995,2.484837912,,2.081580559,,
ARRDC3,,1.742055476,,-1.007953697,,,-3.721966882,,,,,,,-1.651233,
ASB3,,,-2.388334273,,3.082368389,2.595827852,,2.994289806,2.834111756,2.736426119,2.862205452,3.197192082,2.800166023,2.976065376,
ASB8,,,-3.169866328,,,0.845253563,,,,,,,,,
ASCC3,,,-1.678895229,,,,,2.87016817,1.624458765,,,,-1.339181194,,
ASTL,,-5.606753826,,,,,,7.010916911,,,,,,,
ASXL2,1.681991059,,,,,,,-1.649692259,,-1.754325301,,,-2.2584538,,
ATE1,,,,,,,,,,,,,-1.537324747,1.566404841,
ATF4,,1.15369521,1.273038812,1.050543607,,1.005853912,-2.387992316,1.259020837,1.096517575,,,,,1.021413237,
ATF7IP2,1.570340787,,,,-2.882124174,,,1.86150073,1.507968704,,,,,1.006960807,
ATG12,,,-1.872823667,,,0.650120079,,,,,,,-1.727229714,,
ATG3,0.684274246,,-1.554880447,,,,,,,,,,,,
ATG7,,,,,,,,,,3.657320151,,3.332768668,-2.766738043,,
ATP2B1,,,,,,1.230515123,,,1.365992304,1.650656996,,,-1.207820309,,
ATP5F1C,-1.323126554,-0.817765008,-1.55966582,-0.930256622,,,,,,-2.819254935,,,-2.45174038,0.511369109,
ATP5PB,,,-1.151083626,,,,,,1.474625457,,,,,1.110843463,
ATP6V1E1,0.836473049,-0.675046398,-1.364299754,,,0.927312836,,,,,,,,1.354796145,
ATP8A1,,-1.426770431,,,3.500631686,,1.576256386,3.469980756,,,3.843453874,,,,
ATXN1,-2.707110394,,,,,3.170959704,3.41114989,3.64779328,2.822649198,,,,,3.442145843,
ATXN10,,,-1.362596711,,,,,,,,,,-1.262083108,1.193719047,
BATF,,,,-1.552568676,,,,,2.154931281,,,,,,
BBS9,-1.815099433,,,,-2.524986762,,,,,,3.502690988,4.082218825,,,
BCAS2,1.401070408,,-2.252648018,1.467070211,,1.438015142,-2.740283505,2.015825123,1.699602538,1.401204291,,1.56713187,,1.412530831,
BCL2L1,,-2.147580809,2.557302899,2.229707,4.779135722,,,4.57394666,6.375566271,4.856391893,4.621728247,2.820867001,5.568228848,,
BCL6,,,-2.4109151,3.648570635,,,,,,4.248065446,,,,,
BCL9L,,,,,,-1.275157149,,,,1.259671846,,,,,
BECN1,,,-1.640442772,,,0.723009002,,,,,,,,,
BIN1,,1.620443965,,,,,,-1.760583817,-2.902070204,-2.117284761,-3.537847857,,-2.088219798,-1.213158916,
BIRC3,,,,1.848964391,-3.305904269,0.933919404,,1.601493726,1.058559006,,,,,1.655875542,
BLOC1S2,-1.324938263,,-0.985374673,0.640905434,,0.697940473,,,,,,,,,
BLOC1S6,-1.006126857,,-1.103667048,0.719688234,,0.628041067,,,,,,,,,
BMPR2,2.303529437,,-1.721269894,,3.344025751,,,,,3.221021164,,,,,
BORCS5,,-3.051047876,,,,,,,,,1.317837324,,,-1.734631574,
BORCS7,-1.271393806,-0.983077575,,,,0.869292176,,,,,,,,,
BPTF,,-1.035751163,-1.542499492,,,,,,,,,1.032443537,-0.887641632,,
BRD1,1.308895486,1.163723664,-3.008419936,2.229755066,,,,,1.774728329,2.028170818,1.821620464,2.054351349,,1.625529857,
BRD2,,,,,-2.755298778,,,,,1.177465308,,,,,
BRD7,,,-2.424184528,,,,,,0.929574656,,-3.425828522,1.187691161,,,
BRI3,,,-1.374373802,0.66074095,-3.816016577,,,,,,,,-1.825498359,0.814256331,
BTBD11,,-1.904470965,,,3.93920093,,,4.543352931,5.740039814,,4.89283335,5.278863181,5.728250615,,
BTF3L4,,,-1.25168051,,,0.624476657,,,,,,,,,
BUD23,,,-3.596087734,,,,,,1.001087959,,,1.260848252,,0.936203454,
BUD31,,,-1.748419578,,,1.145628042,-2.975644516,1.530468245,1.189638373,1.218514459,,1.333659835,,1.128567137,
BZW1,1.248742419,,,,-3.005678324,0.820153442,,1.560791469,0.838273161,,,,,0.99964197,
C17orf49,,,-2.724920963,,,0.99141963,,,1.051334077,,,1.247295059,,0.990691208,
C1D,,0.453257765,-0.872833738,,,0.85972312,,,,,,,,0.778246475,
C1GALT1,,,,-1.208749436,,0.863083059,,,,,,,,1.033413732,
C1orf112,,,,,4.202610628,-2.374686509,,,,,,,,,
C1orf43,,,-1.197837889,,,0.572435146,,,,,,,-1.828402954,0.818420514,
C22orf34,,-3.061274174,,,,1.425887574,,,,2.969489961,4.234833427,,,,
C2orf88,,-4.86751164,5.200034163,,,,,,,,,,,,
C3orf38,,,-1.516205888,,,1.256009048,,,,,,,,,
C5orf24,,-0.78515772,,,,1.426642888,,,,,,,,,
C5orf56,,,,,,1.037717645,,,,,,,-2.382502324,1.00903257,
C6orf62,0.591495044,,,-0.757087569,,,,,,,,,,,
C9orf78,-0.552030394,,-0.753359734,,,,,1.308230062,,1.05231587,,0.809423965,1.214163958,,
CAAP1,1.741155561,,-3.380032228,-1.180320382,,1.982165756,,,1.627334329,,,,,,
CAB39,,,,,,,,,,,,,-1.109410187,1.34107693,
CAMK2D,,,-1.879853398,,3.169674264,,,,,,,,,,
CAMLG,,,-2.154467294,,,,,,0.748441169,,-2.906870456,,,0.646459182,
CAPG,,-1.471079658,,,,,,,,2.970514273,,,,,
CAPRIN1,,,,-0.410361732,,0.766692923,,,,,,,,0.922652205,
CAPZA2,0.921143688,,-0.993064593,1.07495463,,0.90273019,,1.317321061,1.149741742,,,,,1.107254859,
CASP3,,-3.219999606,-1.459380343,,,1.982337429,,,2.740235027,,,,,1.999910481,
CASP8,,,-1.619216981,,,0.960075316,3.090595006,1.827572431,1.172983383,,,,,1.15122667,
CAST,,,,,-2.257871078,1.238898,1.2263988,1.536980044,0.941920056,,,0.905624705,,1.818522833,
CAT,-1.961259755,,-1.533966548,,3.114288809,,,,,,,,2.944498036,,
CBL,,,,,,,,,,,,,-1.371718729,1.100077746,
CCDC167,,,,,,,,,1.833383656,,-3.420691003,-2.219344404,-2.599422804,,
CCDC174,1.173742593,,,0.84993595,,0.938700453,-2.726584097,,,,,,,1.348991281,
CCDC28A,,,-1.4951081,,,1.044007922,,,,,,,,0.939406635,
CCDC57,,,-2.152463077,,,,,,1.001692623,,,,,0.985432561,
CCDC59,1.106141421,0.918473943,1.25967872,,,1.113372968,-2.512677718,1.768120334,1.326281898,1.208064414,,1.321829913,,1.136883066,
CCDC82,1.085689869,-0.869978395,-2.756561818,-0.918479208,,,,,-1.707051616,,,,,,
CCDC88B,,,-2.570735524,1.06081999,,,,,,,,,,,
CCDC93,,,,,,1.28706104,-3.175301508,2.724551829,2.120874131,2.479763491,2.194631969,2.457470232,1.897370915,1.961363511,
CCNG2,,-1.908931467,-1.632620911,,,,,,,2.82409138,,,,,
CCNI,,-0.465228175,-0.876176932,,-2.00255114,,1.042550593,,,-0.866503105,,,,,
CCNT1,1.729797213,-1.105570102,,2.05503484,2.34933034,,,1.813079734,1.982318232,2.575442119,1.883763961,2.604245585,1.863420476,1.857892114,
CCSAP,,,-1.672991132,,,,,3.04244411,,2.887256117,,,,,
CCT2,,,-1.661242378,,,,,,,,,,,0.641637791,
CCT4,,,-1.086292725,,,0.589846668,,,,-1.723283353,,0.84853198,,0.644792147,
CCZ1,,-0.522674852,-1.453272402,,,1.312608621,,,,,,,,,
CCZ1B,,,-1.448639196,,,1.82521438,,,,,,,,2.525040468,
CD74,,,,,,1.061653976,,,1.559394525,,,1.990874953,-1.376060196,,
CD8B,,,,1.666371109,,,,,,,,,,-1.253172252,
CD99,-0.984974355,,,-0.952067902,-2.6888404,,1.682284377,,,-1.573641252,-2.21524658,,-1.388091551,,
CDC40,-0.625135295,,-1.456005686,0.710314425,,,,,,,,,,0.729368655,
CDC42,,,-0.820731022,,,0.882982993,0.930352144,1.158326072,0.951321706,,,0.950985977,,0.915792784,
CDC5L,0.801307615,,-1.151597006,0.711289705,,0.668328677,,,,,,,,,
CDK6,2.786872248,,-1.574204595,,,,,,1.782748651,,1.780904395,,,,
CDV3,,,,,,,,,0.651914398,-1.356944065,,,,0.556711936,
CEBPG,1.729446209,,-1.950515044,,,2.248919844,,,,,,,,2.448988054,
CEBPZ,0.853000039,-0.667940742,-1.184490522,,,,-2.231240221,,0.873238837,1.460882155,,1.377087315,,0.876527797,
CENPP,,,-1.6600054,,,,,,5.492328297,,,,,,
CEP192,-0.79576721,,,-1.340085023,,,,3.438757233,,,,,,,
CEP57,,,,-0.63646018,,,-2.648131859,,,-1.372081791,-2.993003813,,,0.767712355,
CFLAR,,,,,-2.606247217,0.863552223,,,,,,,,0.66843829,
CHD4,1.220456326,,-2.601978409,0.902005297,,1.035257446,,,,1.291216117,1.996501878,,,1.062696733,
CHI3L2,-2.505018718,,,-3.857297246,,1.520570234,,,,,,,,,
CHMP2B,0.894953737,,-1.385683713,,,0.929689814,,,,,,,,,
CHMP3,,-0.660072804,-0.889810688,-0.661851962,,,,,,,,,-1.41149095,0.730675295,
CHMP7,-0.989559983,,,,,,,,,,,,,0.943779762,
CHORDC1,1.684105531,,,1.266973518,,,-2.701603765,,,,,1.695439678,,,
CHRAC1,0.88957511,,-1.69554317,,,1.374067096,,,,1.328374702,,,,,
CIRBP,,,-1.670835862,,-2.773980594,,,1.051624597,,,,,,,
CISD2,,-1.618007915,,1.312694433,,,,,,,,,1.491818657,,
CITED4,,,,,4.133346428,,,-1.609143556,2.690069063,,,,,-2.030405228,
CKAP2,,,-1.31412313,,,,,2.425905913,,,,,,,
CLCN3,1.188317581,,,,,,,,,-1.663687904,,,,,
CLDND1,1.14182846,,,,,1.082997376,,,,-2.112348349,-1.957887017,,-2.286568158,0.984222543,
CLEC2B,,,-1.791433521,,,,,1.657548306,1.505511285,,,,,,
CLK1,1.403789506,,,1.323409961,,1.003460989,-2.35226497,1.653352516,1.359372849,1.397325765,,1.611162754,,1.131270226,
CLN5,,,-1.091683816,,,0.737335898,,,,,,,,,
CLN8,-2.609050634,,1.706107883,,,,,,,,,,,,
CLTB,,-1.016881149,-1.61133041,,,0.755965853,,,,,,,,,
CNIH4,,,-1.771834472,,,,,,,,,,,1.547361359,
CNST,1.351570791,-1.556234308,,,2.483619787,,,2.420295119,1.658428769,1.90338939,1.773653698,1.478380683,1.695752516,1.660385841,
COA1,,-1.462439137,-2.2702026,,,,,2.230856623,,1.984071301,2.070665801,1.961035226,1.852550202,,
COMMD1,,,-1.457874425,,,,,,1.645902383,,,,,,
COMMD3,-1.548272565,-1.485856515,-2.161743528,-1.354672665,,0.780507371,,,,-2.245147247,,,-1.747631978,,
COPB1,,-0.842249727,-1.389325738,,,,,,1.315449631,,,,,,
COPB2,0.745323745,-1.060770953,-1.717066688,,,,,,,,,,,,
CORO1B,,-1.580969514,-1.689149152,,,,,2.730073096,,1.605764148,,1.436235425,,,
COTL1,,,,1.374198405,,0.997041939,,,,,-2.868185253,,-1.899122035,,
CRBN,-0.629993655,,,,-2.70621136,0.511257253,,0.981113233,,,,,,0.556568787,
CREB1,,,-1.63262291,,,,,,1.273889666,,,,,1.325326677,
CRIM1,3.131292132,-4.611952964,,,,,,,,,,,,,
CSNK1G2,0.6128791,-0.828257605,-1.873431519,,,0.630093712,,,,,,,,,
CSNK2A1,,,,-0.61094995,,0.802582325,,,,,,,,0.67987961,
CTCF,-0.598237315,,,,,,,,,,,,-1.118963522,0.958793479,
CWC15,,,-1.075924912,,,0.69129582,,,,,,,-2.109537825,0.769682365,
CXorf38,0.996092675,,-1.442354933,-0.608623887,,,,,,,,,,,
CXXC5,-1.196151775,,2.961068063,,,,,,,,,,,,
CYLD,1.445870205,,,,-3.099952999,0.829444391,,,,,,0.876781466,,0.785915344,
CYP20A1,,,-1.82887138,,,,,,1.270993527,,,1.658984356,,,
CYTH4,,,,-1.452979902,,1.310527324,,,,,,,,,
DAP,1.689602213,-0.891110765,,,,,,,,,,,,,
DAZAP1,0.83080406,-0.603196332,-1.244116878,,,0.794377993,,,1.389157296,,,1.89653418,1.623510835,0.869046791,
DAZAP2,0.990374036,,,,-2.237298087,,,,1.043129321,1.070299787,,1.320775814,-0.918624462,0.527071027,
DCAF12,,-2.062721665,,,5.174045491,,,4.898700318,6.008745632,5.503163785,5.543388263,,5.429130647,,
DDB1,1.531872321,-1.125502792,,,,1.208717655,,,1.48933524,1.874820156,,,,1.210781665,
DDIT4,,,,,,,-2.122212718,,2.69233906,,,2.97911074,2.141682243,-1.278657327,
DDX10,,-3.137020656,,,,1.733682749,,,,,,,,,
DDX24,,,-1.712591263,,-3.075443926,,-3.043047872,1.297025246,,,,0.932405853,,0.84012211,
DDX27,0.812422677,-0.809841166,-2.408621595,0.786310595,,,,,,,,,,,
DDX5,,,,,-2.950122129,,,0.848798534,,,,,,,
DDX58,,-2.982117615,-2.653345787,,,,,,-0.896607656,3.034303114,,,,,
DEF6,,-0.86890942,,,,,,,,,,,-1.463901668,0.909311263,
DENND1B,-0.900992382,,,,3.133909561,,,3.18352162,2.735449285,3.239438421,2.751580704,2.759301294,,2.681071907,
DENND6A,-0.873021494,,,,,,2.215379581,2.081052753,1.674269826,,2.389670012,,2.181598126,,
DERL1,0.956401763,0.700748,-1.881762316,0.778067587,,,,,,,,,,,
DESI2,,1.323393342,-4.120595573,,,,,,,,,,,,
DGLUCY,1.303347654,-1.6817015,-1.619233062,0.712272017,,,,,,,,,,,
DHRSX,,,,,3.39880225,-1.011349677,,,,,3.162837693,,,,
DHX36,1.156341867,,-1.085040805,,,,,,,1.472424523,,,,0.849359385,
DICER1,,,-1.50671256,-0.864617267,,,,2.390254603,,,,,,1.307993848,
DIP2A,,-1.345007702,,,,,,,,,,1.575779003,,1.539970912,
DIPK2A,,,-2.532738732,1.847338245,,,,,,,,,,,
DLEU1,,,-2.070929494,,,2.025962662,,2.99830485,2.529866917,,2.969084246,,,,
DMTN,,-4.002598562,3.480218214,,6.344892615,,,6.856440539,6.447654823,5.702086942,5.554181934,,5.462787206,,
DMXL1,,-1.95159736,,,,-0.56483449,,,,,,2.654848653,,,
DNAJA1,,,,,,,-3.385242929,1.461616867,1.388286662,1.666039145,,1.651697273,,1.491977606,
DNAJB1,2.313279716,1.59568187,2.022406805,1.209809251,,,-3.346484202,,,,,,,,
DNAJB6,,0.999059631,0.928016803,,,1.084510304,-2.868509338,1.354917241,1.466797838,1.715833407,1.756255746,1.617117812,1.531461221,1.09754044,
DNAJB9,1.592160212,,,1.626943957,,1.439046141,-2.03018628,,,1.814029454,,3.039281978,,,
DNAJC2,,0.986142455,-2.933276445,,,1.070388307,,,1.294160586,1.482302102,,1.623172324,,1.140501993,
DNAJC21,0.469546653,-0.488006767,-1.079324585,,,,-3.270486333,,,,,,,,
DNMT1,1.306232266,-2.532774344,-1.395400282,,,-1.026966327,,-1.420899596,,,,,-2.18072962,-1.2741627,
DOCK9,,,,,,,,-1.740078637,,,,3.03968161,,,
DOK2,,,-2.192871663,,,2.518975991,,2.140041225,2.798142027,,,2.465304895,,,
DPP4,,,,,,1.202652822,,,,-2.180873333,,,,,
DPYD-AS1,,-1.39232708,,-1.836179385,,,,,,,,,6.394434838,,
DR1,1.118323269,,-1.262184864,0.784259951,,0.752133385,,,,,,,,,
DSTYK,,,,-0.966739984,,2.39418891,,,2.210748905,,,,,,
DTNB,,-3.805869139,,,3.742113085,,,,3.365607054,,3.443037766,3.865446004,,,
DUSP2,3.452891105,-2.62038786,,,,,-3.698112694,,,,2.95242047,,3.194002567,,
DYNC1LI1,0.724540581,,-1.762211637,1.079223147,,,,,,,,,,,
DYNLT1,1.799906153,-0.966861477,,,,,,,1.335345238,,1.241398465,,1.575487513,,
DYNLT3,,-2.813461027,,,,0.910919211,,,,-2.81209539,,,,,
E2F3,2.520218053,,2.312354983,-1.682732032,,-2.046206592,,,,,,,,,
EAPP,,,,,-2.560356933,0.990733835,,1.339046175,1.11729252,,-1.892290867,,,1.042097409,
EEF1D,-0.774147621,,-1.203985256,,-1.978910254,,0.961038322,-0.851532717,,-0.944727424,-1.217695386,-0.785638307,-0.916725166,,
EEF2,,,,,-2.298946527,,1.250636075,,,,,,,0.546949649,
EFHD2,1.367970867,,-2.069200625,,,,,,,,,1.474488805,,,
EIF1AX,,,-1.095748488,0.705392949,,,-2.367435439,,,,,,-1.443514923,0.711232731,
EIF1AY,-1.207582454,-1.505885087,-1.673765005,,2.535414624,,,,,,,,,,
EIF2AK4,1.724376732,-0.826488333,,,,,,,,,,,,,
EIF2S3,,,,,-3.140998422,,,,,,,,-2.035547075,0.382902804,
EIF3M,,,-1.830890073,,-2.91837117,,,,,-1.99845345,-2.808477614,,-2.156297697,0.534753663,
EIF4E2,,-0.835297654,-1.331125853,,,1.026099699,,,,,,,,,
EIF4E3,,,2.135076074,-1.322276623,,,,,1.169950953,,,,,,
EIF4G1,,,-1.504698264,0.709460352,,,,,,,,,,,
EIF4G2,,,,,-2.41098698,0.664381163,,,0.940754957,-0.873905302,,,,0.674712935,
EIF5A,,,-0.904686826,,,1.113475338,,1.554169551,1.330774266,1.333491215,,1.393048725,,1.064940863,
ELOC,,0.653585631,,,-3.153035778,0.605954473,,,,,,,,0.62604144,
EMC10,,-1.094816655,,0.582909684,,0.867397882,,,0.894462364,,,,,,
EMC7,,-0.671846084,-1.288088918,,,0.789950816,,,,,,,,,
ENSA,0.51597372,,-1.045572663,,,0.794717278,,,0.869251573,,,,,0.923858639,
EPB41L4A-AS1,,,,0.927596354,,,,-1.296438318,,,,,,-0.718422369,
EPSTI1,,,,,-2.956397054,,,,,,,,-1.614993198,2.965848958,
ERAP2,0.726398451,-1.126071748,-1.822249641,,,,,,,,,,,,
ERCC6L2,1.627101597,-1.074242558,,,,,,,,,,,,,
ERGIC3,,-0.750672324,,,,0.836000227,,,,,,,,,
ERLEC1,,-2.78808409,-2.586454424,,,,,,,,,,,0.826755872,
ERN1,,,,,,1.743604756,,,,,,,-2.317163125,,
ESR2,,,,-1.911242762,3.940788175,,,,,4.577970679,4.521553824,4.899767835,,,
EXOC6B,-2.043762426,,,,,,,,3.806790525,,4.405730632,4.413181645,,,
FAAH2,,,,-4.558529594,,,,,,,,,,5.771689957,
FABP5,-5.282853148,-4.268293648,,,,,,,2.339536244,,,3.462284039,,,
FAM102A,1.949877031,,,-3.622325792,,,1.728814902,1.735245846,,,-1.893687438,,-1.356888288,1.350159692,
FAM117B,,-2.056281991,,,4.104239121,,,2.785303715,2.699165694,3.433819204,3.725218112,3.586018166,2.705776486,2.741037137,
FAM177A1,,-0.753424133,,,,,,2.34995643,1.913368678,2.248498533,2.348269734,,2.11008182,,
FAM32A,,,-1.038565751,,,0.755858144,,,,,,,,0.949177298,
FAS,,,-5.115629077,,,,,,1.458797566,,1.878662243,,,,
FBL,,-0.884819765,-1.179980357,,,,,,,-1.79325365,,,,0.61970296,
FBXO38,,,-2.138313595,,,2.19515371,,,,,,,,,
FBXO42,1.798015888,,,-1.13559427,,1.576757776,,,2.492725659,,,,,2.353789718,
FCGRT,,,-1.422492478,,,,,,,,,,,1.206329196,
FDFT1,,,-2.022826109,,,,,-1.30308488,,-1.466290597,,,,1.225953023,
FGD3,,,,,,,,,,1.259948364,,,-1.588359693,,
FHIT,3.755208619,,-2.028323424,,,,,,,5.047059113,,,-1.760878763,1.72696879,
FKBP1A,,,,-1.070783358,,,,,0.767782434,,,,,,
FKBP8,-0.971416211,,,,2.601399162,,,1.642057775,1.916642,,2.357015001,,,-0.850494605,
FLT3,,1.660327933,-3.816307221,,,,,,,,,,,,
FNBP4,0.973310126,,,,-2.319136843,0.88464527,,1.279889326,1.030009653,1.385398169,,1.182526135,,1.189682953,
FXR1,,0.622327451,,,,0.708961678,-3.445605159,1.117638097,0.736739855,1.078753751,,,,0.635073493,
G3BP2,1.224537607,,-2.995422331,,,1.43635285,,1.723219068,1.470486677,,,1.469622489,1.508677378,1.735033002,
GABARAPL2,-1.034413904,,,,1.937717628,,,-0.662618712,,,,-1.236688069,,,
GADD45A,,-3.482141507,,,,3.126668319,,3.55079525,3.301728377,2.260267118,2.878300288,3.585430812,3.164286527,,
GADD45B,,,-2.401465511,,,1.301153455,,,,,,1.773076348,,,
GALNT10,,,-1.550406575,,,,,,,,,,,3.109546568,
GBP2,-3.680960735,,,,,,2.999582352,-0.796053182,,,,,-1.95579257,,
GBP4,,,-2.18301837,,,2.056840904,,,,,,,,,
GIGYF2,,,,,,,,,,,,,-1.331258732,1.714147282,
GK,,,-5.203410391,,4.086198781,,,,,,,,,,
GLO1,-1.021421526,,,-1.767542713,,0.822400625,,,,-1.600224261,,,,,
GLRX5,-1.244616768,,,,3.021315639,-0.976155641,,,,,,,2.667405629,-0.883288726,
GLS,1.033652689,,,,-1.711463536,,,,1.013005387,,,1.095132195,,,
GLUL,,,-1.22746462,,4.824454709,,,,4.109850546,,3.334995131,,3.585554219,,
GMPR,,-3.574042504,3.522445541,5.278549806,6.209486866,,,6.347750935,6.264083843,6.644233142,7.210740422,5.451470162,6.231311873,,
GNAS,,,-0.846073081,,,0.60344342,-2.110281771,0.653767868,0.78946903,0.867426413,,0.99270158,,,
GNB2,-1.233861729,,-1.054386999,,,,,,,,-2.144479307,,,0.797143519,
GOLGA7,,,-1.276290899,-1.012059234,-2.738657838,0.696553726,,,,,,,,,
GOLT1B,,0.79827384,-3.866698253,1.156401978,,1.49285054,,,1.606406213,,,1.831888126,,1.683167252,
GP6,4.130390237,-5.245609285,,4.809107263,,4.881394188,,,,4.547175087,4.388556015,3.177625943,4.516786291,3.869283342,
GPATCH2L,,,,-1.172631239,,0.852461908,,,,,,,,,
GPHN,,-2.306626025,,,,,,,4.645616092,,,4.426840341,,,
GPR155,,-2.68178103,-2.268782339,,,,,,-1.329175985,,-2.127850758,,-2.903945177,1.105088316,
GRIPAP1,0.831743978,-0.773679736,,,,,,,,,,,,,
GTDC1,-0.803888762,,2.44223356,,,,,,,3.031916261,,2.613106967,,2.953794562,
GTF2I,,,1.6176817,-0.733169388,,,,,,,,,,0.859536597,
H2AFV,-0.728656677,,-1.839655541,,,0.738201901,-2.009475718,,0.863612655,,-2.756610635,,,0.748346004,
H2AFY,-0.70121666,,,,,0.607320369,,,,,,,,0.647047812,
HADHB,-0.979522708,,-2.265028914,0.934375398,,-0.772611872,,,,,,,,,
HAGH,,-2.150558804,,,1.987995,-1.035470842,,,,,,,,-1.128851428,
HDAC7,1.90351101,-0.97892423,,,,,,,,,,,,,
HDGF,,-0.882094983,,1.32466107,,,,,,,,,,,
HDLBP,,,-1.207972967,,,1.185111904,,,,,,,,,
HELB,,,,1.833675019,,0.991262269,,,1.826856725,1.807527572,,1.489687521,-2.033221478,1.004639094,
HEMGN,,-3.568648296,,,8.440820827,,,5.488319771,6.582809622,6.907630125,7.905188713,,6.404437688,,
HERC3,-1.456674565,,,-1.359689005,,,,,1.894082987,,,3.185159429,,,
HERC5,,-5.501343864,,,,4.447854659,,,-1.209588923,4.732265536,,,,,
HGSNAT,-0.912226418,-1.241592395,,,,,,,2.442649106,,,2.55402582,,,
HIPK1,2.213674155,,-1.023292247,1.650124476,,1.738073349,1.618988621,2.107349535,1.949001093,1.962798107,2.07890597,2.29187787,2.276130486,2.138535962,
HLA-DPA1,,,,,-3.847700846,,,,,,,2.190832548,,-2.366551257,
HLA-DQB1,,,,,-3.572571836,,,,,,,2.345490797,,,
HLA-DRA,-0.894100663,,,0.704760462,-3.265937825,,,,,,,,,,
HLA-DRB1,,,,,-3.723667135,,,,,,,3.021987555,,,
HMGCS1,,-1.354658048,,2.181601759,,2.312559608,,,2.234057941,3.463604497,,3.093324618,2.440753494,2.682159864,
HNRNPA0,,,,,-2.349127984,,,,0.835490276,,,,,0.830039598,
HNRNPA3,0.607787548,,-1.271209064,,-2.083798541,,,,,,-2.277117379,,,0.626132552,
HNRNPD,0.822420165,,,,-2.622299483,0.708907019,,,,0.726792208,,,,0.855034853,
HNRNPH2,,-0.659707989,-1.17660927,0.968300663,,,,,,,,,,,
HNRNPH3,,,,,-2.383942526,,,,,,,1.078091602,,0.676304598,
HNRNPR,,,,-0.579548835,,0.448359887,,,,,,,,0.475211702,
HNRNPU,,,-1.383416788,,-2.324027764,,-2.555749691,,0.997899854,,,,,,
HNRNPUL1,0.971920366,,,,,,,,1.05226616,,-2.906231872,1.20772725,-1.298106441,,
HOOK2,2.148338225,-1.89307862,-1.870406529,1.200061346,,,-2.413241148,2.384863245,2.186609399,,,2.496326358,,1.904055877,
HSP90AA1,0.910920923,,,,,0.87808916,-4.41371644,1.154304041,,,,1.136088251,,0.871391119,
HSP90AB1,,,-1.243629668,,,,-3.486189631,,,,,0.979945282,,,
HSPA4,,-1.104299719,-1.466305884,,,0.94656241,,,1.187649117,,,,,1.050907683,
HSPH1,1.203265151,-3.21975571,,1.656394435,,1.350310001,-4.623113286,,1.5267521,1.818148209,,2.378833978,,1.511114232,
ICAM3,,,-1.808138523,-1.11914964,,,2.333183654,,,,,,,,
ID2,,,-1.18175466,,,,,2.568564006,,,,,,,
IDH2,-1.570681127,-1.529562123,-1.401080433,-0.962721263,,1.11763477,,,,,,,,1.061603818,
IDH3B,,-0.677532767,-1.408856176,,,0.891960916,,,,,,,,,
IDS,,,,,,,,,1.338185139,1.458021069,,1.556507447,-1.661203972,,
IER2,,,,,-2.310188689,,-4.219783057,,,,,1.612673565,,,
IER5,1.532009412,,,2.573386129,2.473676531,2.827298724,-2.791606237,3.177653887,2.4268035,2.357987476,2.437517468,2.745692677,2.279303481,2.532859453,
IFI27,,,-6.401200879,,7.378808647,,,,,,,,,,
IFIT1,,,,,,,,,,7.121387837,,,-4.727431229,,
IFIT3,,-3.383858888,-2.219692445,,,7.672305134,,,,7.821736161,,6.491537509,6.077831504,,
IFNAR1,-0.610050006,,-2.949316377,,,0.801796156,,,,,,,-2.333278148,0.976529256,
IFT20,,,-1.37326851,,,0.976311833,,,,,,,,,
IKZF3,,,,,,1.110483858,,,1.423269004,-1.554011249,,1.159355261,-2.018695627,1.020619996,
IL27RA,,-1.624374314,,0.996065452,,,,,,,,,,0.936093466,
IL4I1,,,-5.879919131,,,,,,,3.831059702,3.746713983,,,,
ILF2,,,-1.268372009,,,,,,,,,,,0.896455979,
IMMT,,-0.709406553,,,,,,,,,,,,1.245511084,
INPP5F,-2.712407683,,,,3.635014378,,,,,,,,,,
INTS9,3.496180408,-1.450155207,,,,,,,,,,,,,
IQCB1,1.523696353,-1.084608349,,,2.90355154,1.900574346,,2.140252162,2.217454603,2.370170473,2.602208655,2.572084809,2.155050821,2.017660061,
IQGAP1,,,,,-2.334328062,0.946958822,,1.502214886,0.833886347,,-2.880099865,1.268831296,,1.221074071,
ITGB2-AS1,,,-2.291912695,,,,,,3.079300978,,,,,,
ITGB3,,-4.163653849,6.124802307,,,,,,,,,,,,
ITK,,-4.766506273,,,,,2.628879318,,,1.670487947,,,,,
JOSD1,1.887344884,-1.122710517,,1.406360976,,,-2.597854615,2.479278676,1.607835394,1.998262352,1.540970118,2.050363828,2.105325158,1.521273013,
KHDRBS1,,,,,-2.907578826,,,,,,,,,0.641259338,
KIAA1143,0.863115255,-0.843717772,-0.79632742,0.712488046,,1.022138264,,,1.046887755,,,2.420300971,,1.128536596,
KIFAP3,,,-1.943495588,,,1.771768353,,,,,,,,2.139930134,
KLF13,,,,,-1.570088829,,,,,,,,,0.755565704,
KLHL6,2.054077405,-3.366958506,,,,1.825727624,1.780109418,2.325283318,2.364401945,3.05423099,,2.838093655,2.36270204,2.041205948,
KPNA5,,,,-1.247899553,,,,,,,,1.971546292,,1.483139453,
KRAS,,,-1.200669871,,,,,,,1.58906007,,1.338423575,1.678902408,1.384306724,
L3MBTL3,,1.122415255,-1.742034689,,,,,,,,,,,,
LAMTOR3,,,-1.922636089,,,1.255942076,,,,,,,,1.225016945,
LAP3,,,-2.87036877,,,1.022025054,,,,,,1.724579963,,,
LAPTM4A,,,,0.773005414,,-0.820609974,,,,,,1.431766238,,-0.888331309,
LARP7,,-0.98996023,-1.525310806,-0.655100012,,0.423125538,,,,,,,,,
LBR,,,-1.301775512,,,,,,0.657649358,,,,,0.609541207,
LEF1,,-5.224832907,,,-1.71982631,,,1.3740031,,,,,-1.046315076,,
LEPROTL1,1.27478894,,-1.802865629,,,,,,,,,,,,
LGALS1,,,-1.79639116,,-4.611142293,,-6.494167881,,2.254769313,,-3.958391409,,-2.343968,,-5.146837619
LIMS1,1.505878332,,,0.910400869,-3.389201713,,,-2.307320587,-0.904591953,-1.518284288,-2.478965574,,-2.117678614,,
LINC00623,2.205510168,,,,,-1.364168691,-2.650844162,-1.48858491,,-2.540116842,-3.601777337,,-2.421476943,-1.40343187,
LINC00963,,-1.453622114,,,,,,,,,2.201810338,,,,
LINC01138,1.198208305,,,,,,,,,,,,-2.568110725,,
LIPA,,-1.276314335,-1.871778105,2.538967504,,,,,,,,,,,
LLPH,0.757174581,,-2.265675148,0.769962671,,0.783463319,,,,,,,,0.990663477,
LNPEP,,,-1.284068497,-0.59861308,,,,,,,,,-1.884148083,0.968410265,
LRIG1,,,,-2.668985437,3.397737409,,,,,,,,,,
LRPPRC,,,-1.750386707,,,,,,1.218038694,,,,,,
LSM12,,0.965889943,-1.145951816,0.777534197,,1.012810145,,,,,,,,0.879778453,
LUC7L3,,,,,-2.488238865,0.527659797,,,,,,,-1.074877677,1.589348761,
LYL1,,,-1.055117506,,3.183129859,,,,,4.44117524,3.695306964,,3.213825395,,
LYPLAL1,-0.943356727,-2.594641653,,,,1.350653108,,,,,,,,,
LYRM4,0.76433818,,-3.334070983,,,,,,,,,,,1.626063914,
MAGOH,,,-1.710368472,,-2.600425535,0.62472551,-1.612513544,,,-1.984198725,,,,0.847165945,
MAP2K5,,,-1.939201471,-2.346583799,3.95668408,,,,,-2.515086051,,3.923125499,-2.555995242,,
MAP3K4,,,,,,-0.531931238,,,1.839155438,2.254862557,2.107757069,,,,
MAP4,,,-1.744141226,,,1.454799137,,,1.63669292,,1.546503559,,,1.467319944,
MAPKAPK5-AS1,,,,1.213560724,-3.305812129,,,,,,,,-1.858986021,,
MAST4,-2.23173888,,,,2.49315967,2.362162453,,,2.566252742,,2.757181287,,2.192522464,,
MASTL,3.523542405,-2.446854259,,,4.687163749,2.444731694,,4.24410266,,,,,,,
MB21D2,,-3.747153506,,,5.733247287,4.527939186,,,,3.467030192,2.923310858,4.532510334,3.701426718,,
MBD4,-1.267605499,,-1.022613659,-0.805376879,,0.451761881,,,,,,,,,
MBTD1,,,,-1.023745277,3.433679346,2.583309712,,3.405340881,2.990041143,3.689199573,3.205409731,2.505693198,3.235925756,2.775843675,
MCF2L2,,-2.531823024,,,,,,,5.145218563,,3.501970001,,,,
MCL1,,,,,-2.654773316,-0.723646338,,,,,,,,1.023915937,
MCM9,-1.211241473,,,,2.564390536,,,,3.215917733,2.759510695,3.289718256,3.42254179,,,
MCPH1,,-1.229201036,,,,,,,1.42956969,,,1.758277119,,,
MED10,,0.836728832,,,-2.585884089,,,,,-2.091839753,,,,,
MED30,1.233617331,,-1.150193689,1.021315198,,1.077633065,,1.648911264,1.013137254,,,,,1.223687512,
MED4,,0.517344754,,,-3.083503759,0.62653753,,,,,,,,0.83125688,
METAP2,,,-1.404456568,0.731870495,,0.647453017,,,1.086598801,,,,,0.540651571,
MFSD6,,,,-1.34185611,,,,3.191994731,,2.431527426,,,,,
MHENCR,-1.82199228,,,,,0.747325706,,,,,,,,1.027675134,
MIA3,-0.625390159,,-2.045524175,,,0.800947211,,,,,,,,,
MIER1,1.025764417,,,0.963050742,-1.819747645,0.849819139,,1.370669003,0.940481745,1.073093783,,1.343379795,,0.896884801,
MINDY3,,-0.60726424,,,2.685816418,,,,,,,,,,
MIR4435-2HG,,,-1.388200157,,,5.667612614,,4.892002022,4.549358406,,4.031067336,,,6.18509196,
MKNK2,,,-1.258541549,1.057948592,,,,,,,,,,,
MLF2,-1.344730101,-0.451690764,-1.218795833,0.709744665,,,,,,,,,,,
MMADHC,,,-1.066047935,,,0.684463156,,,,,,,,0.822078055,
MMD,2.279537738,-4.108834742,,,,,,,,,,,,2.293803666,
MORC3,,,,,,,,,,,,-1.027016033,,1.22354764,
MPC2,,,-1.00722696,,,,,,0.595302027,,,1.066424642,,,
MPRIP,1.070400114,1.41931873,,0.89444761,,,,,,,,,,-1.162897442,
MRPL13,,,-1.893881128,,,0.817658109,,,,,,,,,
MRPL14,,-1.622813637,-1.828064317,-1.100172535,,0.953953137,,,,-1.948379155,,,-2.181197726,,
MRPL22,-0.920651977,,-1.865126598,0.631344719,,0.895654806,,,,,,,,0.65843125,
MRPL23,-1.799560475,-1.047961476,-1.594584394,,,,,,1.746602662,,,,,,
MRPL47,0.959576369,,-1.869487855,0.625683141,,1.075940004,,,1.693159988,,,1.507264004,1.377013881,1.083083635,
MRPL54,,,-2.098900536,,-3.134138079,,,1.480346772,,,,,,,
MRPL55,,,-2.016799466,,,1.092270885,,,0.886751089,,,,,,
MRPS10,,,-1.319467864,,,0.494570745,,,,,,,,,
MRPS35,0.99710797,,-3.323141266,,,0.95476707,,,,,,,,1.274960538,
MSN,-0.726022565,,,,,0.635227431,,,,-1.669473906,-1.97349283,-0.673097033,-1.657892444,0.655890937,
MTDH,0.755062545,,,,-2.246432579,0.67959364,,0.885477595,0.812713708,,,0.904629626,-1.357355329,0.830482405,
MTFP1,,,,1.824309526,,,-4.402345588,,1.715282099,,,2.139541023,2.099700948,,
MTHFD2,,-0.714036909,-1.071370205,2.237951574,,,,,,,,,2.898517538,,
MVP,,-1.373192962,-2.795819261,,,,,,1.352394702,,,,,,
MXD4,,-0.930138888,-1.383589149,,,0.901338188,,,1.545608948,,,,,1.282850303,
MXI1,,-1.420458698,,,2.655820388,1.4428229,,2.427204604,1.687656237,2.048298614,2.329558539,,1.79528105,2.15515539,
MYO1G,-1.198775672,,,,,5.324308015,,,3.176629622,,,2.640386842,,,
N4BP2,,,-3.009188226,,,,,1.787715697,1.173173465,,,,,1.363398963,
N4BP2L1,,-1.219667558,,0.997946644,,0.872174377,,,0.905769288,,,,,0.721218646,
NAB1,,-1.61052925,,,,,,,2.82593375,,,,,,
NAP1L1,,,,,-3.312829861,,,,,,,,,0.576463373,
NAP1L4,0.848225305,,,,,,,0.981174775,,,,,-0.845415189,,
NBDY,,-1.704823719,-2.502802448,,-3.007302381,,,,,,,,-2.680239941,0.798621753,
NBEAL1,,,-1.435579423,,,1.639779366,,,,,,,,,
NBEAL2,,-1.154895062,-1.303209489,1.574503632,,,,,,,,,,,
NBN,,,-1.492872628,0.793432199,,,,,,,,,,,
NCBP2AS2,,0.845145526,-3.031047875,,,,,,,,,,,,
NCK1,,,-1.380450266,,,0.870350959,,,1.082469339,,,,,0.936170866,
NCK2,,,3.866704008,-0.859939351,,,,,,,-3.378345245,,,,
NCKAP1L,,,-2.142009678,,,,,,,,,,,0.635268324,
NCOA6,,,,-1.204862742,,,,3.989964751,,,,,,,
NCOA7,,-1.079801214,,,,,,,1.132740667,-1.525710215,-2.700948549,,-1.722082937,,
NCOR1,,,,,,,,,1.263038816,,,1.233486591,-1.087683071,,
NDFIP1,,0.753377195,-1.417625897,,,,1.895861781,1.645151062,1.378801908,1.388151489,,1.535174398,,,
NDUFA6,,-0.862977677,-1.653547269,,-2.91516877,,,,0.757878402,,-3.150102218,,-1.587983501,0.954316218,
NDUFA9,,-0.613691884,-1.516065508,0.836272372,,1.150626263,,,1.132335071,,,1.290768153,,1.128227895,
NDUFS3,-1.553992114,,-1.540944367,,,0.580401858,,,,,,,,,
NDUFV2,,,-1.497217641,,,,,1.278471656,1.142833693,,,,,0.980333783,
NECAP2,,-0.958684477,-1.536462387,0.915229084,,,,,0.965584116,,,,-2.288279636,0.918178413,
NFATC3,,,,,,,,-0.960715851,,-1.192407621,,2.021653698,-1.236048221,,
NKTR,,,,,-3.328006126,,,,,,-3.408942434,1.097432213,-1.577127301,,
NMT1,,,-1.804057834,,,0.656231662,,,,-2.395156591,,,,,
NONO,0.708850322,,-1.45309977,0.40265005,,0.508829187,,,,,,,,0.758936354,
NOP58,1.886391299,,,,,,-4.552130375,1.809958339,1.74005039,1.775411206,,1.973879693,,1.918726887,
NPIPB5,,-1.083721218,,,,,,,,2.824309962,,,,,
NR1H2,1.056111831,-0.575589541,-1.624731774,0.771807254,,1.26669766,,,,,,,,,
NR4A1,4.149395188,,,,,,-3.725158885,,,,5.906890596,,,,
NRARP,,-4.317655482,5.578355534,,,,,,,,,,,,
NRBF2,0.897466247,,-2.729359182,1.034242777,,1.252510051,,,1.127092594,,,,,1.110061222,
NSD3,,,,,-1.714785894,0.460871434,,,0.817090681,,-2.053362353,,-1.026808627,,
NSMCE3,,-3.335977551,-3.002930502,,-3.273692664,,-3.034790184,1.520206102,,,,,-1.854643719,,
NSUN6,1.399915254,,,1.502356846,,-1.266723884,,,,,,,,,
NT5C3A,-0.826256937,,,,,,,,1.323129025,,1.359901515,,,1.060701594,
NUB1,,,-1.403852173,,,0.562517223,,,,,,,,0.512852733,
NUP133,,,,-2.043402884,3.418980379,2.16670305,,,2.9203994,,,2.887584267,,2.651630571,
NUP210,0.713518722,,-2.023730472,,,,,,,,,,,,
NUP214,,,-1.352813198,,,,,2.64808586,2.012554937,2.289079985,2.160979539,2.11119515,1.963246637,1.720823853,
NXT1,1.429027184,1.877808942,1.64507881,1.795543463,,1.627571891,-3.391184433,1.801262192,1.548906298,2.044172306,1.594788429,2.228976776,1.88643483,1.460338456,
ODC1,,,2.807108892,,,,-2.434489023,,1.278101721,1.181581497,,,,,
OPTN,1.684087668,-3.038358205,,,,1.078766462,,1.752839149,1.185879972,,,0.877384934,,1.133472529,
P2RY10,-1.050738853,,-3.491295355,-2.268538923,,,,,,-1.741170056,,,,1.396498975,
P4HA1,1.088057568,,-2.941650489,,,,,,,,,,,,
P4HB,,,,-0.924431016,,0.677003676,,,,,,,,,
PABPC4,,,,1.317943011,,,,-1.702926248,,,,,,-0.870213183,
PAK1,2.899044995,,-1.813651915,3.008740655,,2.479254847,,,,,,,,2.422180936,
PAK2,,,-1.342656099,,-2.928368378,,,1.444293821,,-1.127021505,,,,0.960104418,
PARL,,-1.259958941,-3.76749895,-0.837052498,,,,,0.902081695,,,,,,
PARP14,,,,1.123029865,,,,,-0.813844102,,,,,,
PARP4,1.67406118,,,,,,,,,,,,-1.390835477,,
PASK,,,,,,,,,,-2.873506185,,3.651229096,,,
PAXBP1,1.06389531,,,,,-0.559347029,,,1.236382423,,,,,,
PBRM1,,,-1.742390089,,2.134090115,1.407558423,2.48822615,,1.456052809,1.57208348,2.036061448,1.93792829,1.496346242,1.586793408,
PBXIP1,1.337564608,,,,,,,-1.129818596,,,,1.181207645,,,
PCMTD1,,,,,,0.674565405,,,,,,,-1.740083907,0.789292807,
PCNP,0.794155236,,,,-2.132019303,,,,,,,,-1.067374468,0.559322519,
PCSK7,,-0.990478274,,,-3.104030065,,,1.641797731,,,,,-2.176456345,,
PDCD6IP,,,-1.400938668,-0.743834358,,,,,,,,,,1.224878701,
PDSS2,,,-1.819484041,,3.59517431,,,,,,,,,,
PEA15,1.792630507,-1.743055342,,,,,,,,,,,,,
PEAK1,,,-2.263457746,,,,,,,4.013356732,,,,,
PEPD,,-1.287219574,-1.830365137,,,,,,,1.779874853,,,,,
PFDN1,,,-2.084637155,-0.560639298,,0.898487521,,1.129458604,1.013161496,,,,,0.697612786,
PFDN4,,,-1.038436548,,,0.732671589,,,,,,,,0.713830758,
PFKL,0.750539114,,-1.47306359,,,,,,,,,,,,
PHF10,1.241474664,-0.95820977,,,,-0.34492497,,,,,,,,,
PHF3,,,,,-2.023022033,,,,,,,,-0.942349005,0.945907313,
PHF5A,1.226368233,,-2.073974064,,,1.100844581,,,,,,,,,
PHTF2,,,,-0.849553844,2.331740123,,,3.011438153,2.26244222,1.797966409,2.151848212,,,,
PIK3CB,,,,-1.21399589,,,,,2.298703792,3.179209859,2.399446167,2.514161183,,,
PIK3IP1,1.441056866,,2.935165179,,-1.749907752,,,0.996600609,0.975002965,1.505161252,,1.317127125,,,
PIM1,2.599864875,,1.707282133,,,,,,,,2.220953047,1.435756853,1.842189797,-1.315818292,
PITPNC1,-1.539999135,,,,,,,,2.841601763,,,,,,
PKM,,-0.925415649,-2.323481976,,,,,,1.538164509,,,,,-1.255911714,
PLAC8,,,,,2.910455623,,,0.906778281,,-1.696381527,,,1.828090873,0.753568872,
PLAGL2,,1.364347663,-2.69545029,,,,,,,,,,,,
PLEC,,,-1.441489251,1.899345736,,,,,,,,,,,
PLEKHF2,-1.403741269,1.247045571,-3.039120208,,,,,,,,,,,,
PMF1,,-0.605768278,-1.523690861,,,1.112788475,,,1.266449999,,,,1.308644404,1.272251398,
PMFBP1,,-6.592062007,,,,,,,7.507849081,,,,,,
PNISR,,,,,-3.043893473,0.39425432,,,,,-1.908166139,,-1.431018037,0.99009571,
PNP,,,2.229703016,,,,,,,-1.713225908,,,,,
PNRC1,,,-0.956252762,,,0.733837824,,0.901690959,0.758473284,,,0.913915725,,0.922134862,
PNRC2,,,,,-2.35480932,,,1.27651451,0.635276597,,,,-1.600267093,0.823005241,
POLR2C,,,-1.517037937,,,,,,1.252245412,,,,,,
PPIG,,,-2.901722001,,-2.564733219,,,0.845104986,0.592260259,,,0.999385669,,0.569867773,
PPIL4,,-0.680020496,,,,,,,,1.122084501,,1.773412444,,1.244515147,
PPIP5K2,-0.72784015,,-1.509579465,-0.795017078,,,,,,,,,,1.043931042,
PPP1CC,-0.988733566,-0.906667474,-1.547972796,,,,,,0.780450766,,,,-1.987200028,,
PPP1R10,,,,,,,,,1.21798124,,,,-1.212591038,,
PPP1R12A,,,,,,,,,1.260628408,1.293429226,,1.192640405,-0.873334713,,
PPP1R2,,0.921018484,,,-2.905965198,0.690528669,-3.649673964,,,,-2.831718683,0.914519527,-1.774456416,0.692478308,
PRDX2,,,,,2.279293063,-1.559047028,,-2.224290233,,,,-2.166795893,,-1.547168586,
PRKX,1.713419543,,-1.829811024,,,,,,2.31056293,2.666220009,2.330259528,2.647812169,,,
PRMT9,,-1.929634016,,,,,,,2.026995846,,,,,,
PRPF38B,1.073373362,,-1.416268111,,,0.571331002,,,0.706054147,,,0.992568157,,0.819130414,
PRPF40A,0.984597604,,,0.884583548,-2.483206844,0.871128615,,1.033693258,0.819892808,1.207233334,,0.985384767,,1.015029835,
PRPF4B,0.858645041,,-1.330715399,,,0.725400285,,1.10832383,1.344181201,,,1.347525401,,0.889765026,
PSMA2,,,-1.228092436,,,0.520325316,,,,-2.310501662,,,,,
PSMA6,,,-1.002388607,-0.646142023,,0.429309672,,,0.628686371,,,,-2.020265038,,
PSMC1,,,-1.565836974,0.618768434,,0.760317168,,,0.907886044,,,,,0.986725768,
PSMC2,,,-1.519541196,,,0.98528856,,,,,,,,,
PSMC4,,,-1.823668427,,,1.055661863,,,,,,,,,
PSMC6,,,-1.220585474,0.557097124,,0.340915648,,,,,,,,,
PSMD6,,,-0.853290875,0.509464605,,0.62280551,,,,,,,,0.755827397,
PSMD7,,,-2.598329049,,,0.955667933,,1.328579209,1.262716763,,,1.266352208,,0.981591347,
PTDSS1,,-0.740846697,-1.870607236,,,,,,,,,,,1.455847167,
PTGER2,,,,-2.683359209,,,,,3.746447673,,,,,1.819040802,
PTP4A2,-0.83273572,,,,,,,,0.706439282,,,,,0.633763315,
PTPN22,-1.058654988,-1.732229029,,,2.311030348,1.057131387,,,1.597123856,,,,,1.41838639,
PTPN9,,,-1.586112803,,,,,,,,,3.992767966,,,
PTPRA,,,,,,,,,1.271762398,,-3.060925008,,,,
PWWP2B,2.186807938,,-2.768596548,,,,,,,,,,,,
PYHIN1,,,,-1.227010817,-3.393398804,0.895574119,,-1.509931423,-1.62287128,-2.784862582,,-1.867606312,-2.571422571,,
R3HDM1,,,-1.866019047,,,,,,,,,,-1.869467735,1.629012984,
RAB11A,,-1.853541427,-0.564885612,,,,2.253055838,3.189027647,2.340724693,2.495954219,2.493655382,2.292195747,2.529996448,,
RAC1,,,-1.217358374,,-2.289128378,,,,0.904281858,,-2.049338925,,,,
RAD21,0.792621454,,-1.144044443,0.797757037,,0.754738967,,,,,,,,0.896135666,
RAD23A,,-1.146290556,-1.208080763,,1.50038097,-0.595803107,,,,,,,,-0.823726368,
RALGPS2,,,,,,-0.656780468,,,,3.022253982,,,,,
RAP1GDS1,,,,,,,,,,1.492077986,,1.921351568,-2.414083063,,
RAP2C,1.195323921,2.219576135,-1.963782789,1.426748422,,1.890375919,,,,1.984299786,,,,,
RARS2,,,,-1.062214046,,,,2.164833291,2.002188826,,,,,,
RASSF1,0.860075752,,-3.06101785,,,1.745273854,,1.852278019,1.764668506,,,1.519140629,2.296757742,1.129275394,
RBBP4,,,,-0.695328236,,0.700546963,,,0.763480666,,,,,0.731190007,
RBKS,3.785176467,-4.254005822,,,,,,,,,,,,,
RBM17,,,-3.115477595,,,0.716258546,,,0.759957513,,,,,0.567057767,
RBM22,0.814382178,0.960739758,-1.371087426,0.711723284,,0.90964563,,,,,,,,0.996581932,
RBM23,,,-2.207376717,,,,,,1.428016779,,,1.498727994,2.221812534,0.943172132,
RBM38,1.779041344,-3.405012298,2.943290759,,2.445827196,,,2.223924263,1.94979503,,2.963814412,2.187289834,2.327685729,,
RBM4,0.550019427,,,,-2.749565079,0.551702803,,,0.549274447,,,,,0.610247947,
RBM8A,,,,,-2.003561046,,-2.611974165,,1.08001616,,,,,0.93700631,
RBMX,,,,,-2.653078625,,,0.978392369,1.012965568,,,1.000510088,,0.949274789,
RCC2,1.230251744,-1.102325468,-3.860964663,,,,,,,,,,,,
REEP5,-1.29284094,-0.965017054,-1.666461693,-0.787665409,,0.863300062,,,,-1.996667377,,,-1.796683891,,
RERE,,,,,,,,2.355964505,1.619307461,,,,-1.99633694,,
RETREG3,,,,-0.688586784,,1.239301911,,2.133297449,,,,,,1.305021555,
REV3L,,,,,,,-2.071261647,,1.556549926,2.696070248,2.305168967,2.662513199,,,
RFC1,,,-2.89458643,,,0.685954095,,1.173058066,0.8569111,0.997187127,,,,0.616184497,
RFTN1,,-1.662537403,,,3.318590946,,,3.437610621,2.953095828,,2.798386682,,,,
RFX3,,,-1.723786554,,,,,,,3.820605292,3.53569017,,,,
RGCC,,,2.836114697,,-2.190517792,,,-1.904431744,-1.031981026,,,,-1.124012458,,
RHBDD1,,,,,,-0.76977823,,,,,,3.959552623,,,
RHBDD2,,-1.531383721,,,,3.205653305,,2.202134791,2.684900584,,,,1.93460219,,
RHOA,,,-1.203903418,,,,,,1.193461476,,,,,,
RHOF,1.369611677,,-4.563786793,,,,,,,,,,,,
RHOG,,,,,,,,,,,,,-1.344157027,0.698062082,
RNF125,-1.832572902,-2.318932279,,,,,1.547556184,,,,,,,,
RNF126,,,-2.194296049,,,,,,,,,1.640964394,,,
RNF13,,,,-1.204339528,,,,,,-1.725029677,,,-1.397925538,1.504044507,
RNF168,-1.118442326,,,,,,,2.380576163,,,,,,,
RNF169,,,-3.550550687,,2.632084279,,,,,,,2.062200403,,2.292034818,
RNF24,,,1.944203063,,,,,,,-1.848608349,,,,,
RNF34,-0.91321747,,,-1.119163311,,,,2.682127399,1.757264474,,,2.099196546,,2.000344366,
RNF44,,-1.101468125,,1.228380152,,,,,,,,,,,
RNPC3,-0.51265027,,,,,,,,1.466935883,,,,,1.16080481,
RNPS1,0.59412812,,-3.267245712,,,0.714517055,,,,,,,,0.787884583,
ROCK1,1.191709977,,,,,,,,1.152019037,1.043018761,,,-0.903987124,1.240360674,
RPF1,,,-1.309351087,0.9458706,,0.942514556,,,1.04121461,,,2.115023625,,1.035967847,
RPN1,,,-2.201823651,,,1.124249014,,,,,,,,,
RRAGC,0.995818827,-1.054327838,,,,,,,,,,,,,
RRM1,,,,,2.530139732,,,-1.951553098,2.010045314,,,2.239765559,,,
RSBN1,,,,,,,,,0.98400788,,,1.122157137,-1.879717195,1.07342043,
RSRP1,,,-1.182569943,,-2.189670229,,,,0.916420618,,,1.084371529,-1.090175126,,
RTCB,1.252153934,,-2.651011911,,,1.163762172,,,,,,,,1.151627519,
RTF1,0.523727347,,,,-3.047449707,0.575314591,,,0.85480352,,,,,0.674661083,
RUNX2,,1.749118527,,,,,,,,,,,-3.518545771,-1.533101778,
RWDD1,,,-0.854086268,,-2.60063871,0.495302052,,,0.559730972,,,,,0.595723323,
S100A8,,,,,,,,8.480019001,,,,,,-3.311316045,
S1PR1,1.062731153,,,-2.40296705,,,,,,-2.104951233,,,,,
SAMD3,,,,-1.133835004,2.41531184,,,,,-2.369102988,,-1.740587928,,,
SAP18,,,-1.119258762,,-1.79921238,,-1.379375903,,,-1.465959581,-1.991163702,,-1.308626517,0.629293227,
SBF2,2.454595068,,,,,,,,,,,-1.621132163,,,
SC5D,1.832069801,,,,,,-2.719841304,,2.169603474,,,,2.677226293,,
SCAMP1,,-0.979543211,-1.528259351,-1.3848737,,,,,,,,,,1.879223039,
SCFD2,,-2.29085247,,,,,,,3.686165032,,,,,,
SCGB3A1,,,,,,,,,6.36800918,,,,,-6.504543487,
SCMH1,,,4.727132838,,,,,4.87876854,,,3.672547223,3.745859541,,-1.082794153,
SDCBP,,,-0.998223789,,,,,,1.223220174,,,,,1.185062596,
SDF4,,-0.911391451,-1.367382644,,,1.04937241,,,,,,,,,
SDHB,1.179654044,,-1.275415624,0.856029833,,1.117917444,,,1.052297977,,,2.096612392,,1.19789816,
SEC22A,,,,-2.262688473,,3.412840583,,4.697215231,,,3.499458732,,3.252495879,3.528081736,
SELENOK,,,,,,,-2.407899412,1.822252092,1.353677803,,1.385834164,1.559497529,,,
SELENOT,,-0.599920978,-1.681309701,-0.621491167,-2.388884744,0.739534031,,,,,,,,0.764418379,
SEMA4D,1.459969301,1.395655512,1.644657699,,,,,,,,,,-0.993102626,,
SEPTIN7,,,-2.871607336,,-1.996674615,,-3.367731002,,,,-1.98785341,,-1.159017043,0.55035299,
SEPTIN9,1.022044017,,-2.024067844,,-3.362253303,,,,,-1.490417788,-2.195731509,,-1.490588889,,
SERBP1,-0.607448711,,-1.668955426,,-1.688730611,,,,,,,,,0.390413332,
SERINC5,,,,-1.894764795,2.45290143,,,,,,,,,,
SESN3,,-1.173038591,-1.122857005,-4.014032946,2.539099523,,,,,,,-1.809937647,,-1.287144815,
SETDB2,1.879248144,-4.569318592,,,,,,,,,,,,,
SF3A1,,-0.676562146,,0.609097911,,0.810624222,,,,,,,,,
SF3B1,,,-2.539059378,,-1.962395059,0.562244402,,0.983708199,,,,,,0.55672466,
SF3B2,-0.533000003,,-3.444398885,,-2.545247312,,,,,,-2.942583468,,-1.821286097,0.495673273,
SF3B6,,-0.835709388,-1.340655445,,,,-1.421804677,,,,,,-1.807992955,0.633070946,
SGK3,,,,,,,,-1.651726196,1.423716864,-1.630750732,,,,,
SGMS1,,,,,,,,,,,,2.991927828,-2.640881731,,
SGPP1,,,-2.254783381,,4.149604009,,,,,,,,,,
SH2D1A,,,,,,1.143607912,,,,-1.752049108,,,,,
SH3RF3,,3.936478583,5.573167892,,,-2.318602711,,,,,,,,-1.926672062,
SIAH2,1.034174321,-1.094994267,,1.226997875,2.211632924,1.901627875,,2.369406724,1.697614298,1.564627681,1.553819628,1.733148485,1.627942707,,
SIPA1,,-1.298473834,-2.038268858,,,,,,,-1.884336423,,1.880482025,,,
SLA,-1.793823611,,2.690444459,,,-1.357020158,,,-1.828220678,,-2.115450367,-2.101495792,-2.024477595,-0.819024626,
SLBP,1.493564013,-1.032983965,-2.78171289,0.871492626,,,,,,,,,,,
SLC12A6,,,,-2.15398726,2.609487165,,,2.251967996,,,,,,2.117515197,
SLC16A10,,-6.740584765,,,5.918381524,,,,,,,,,,
SLC16A7,,2.097320716,,,,-0.991453504,,-1.698819018,,,,,,,
SLC20A2,,-1.208156694,,,2.629855193,,,3.0274916,,2.971567834,2.901131784,3.394611791,,2.673911465,
SLC25A12,,,-2.606324013,-0.99824683,,,,,,,,,3.006203807,,
SLC25A6,,,-0.9753796,,-2.573661919,,1.712302279,,,-1.794271615,,,,,
SLC30A5,,-1.207589127,,,,1.886061861,,,,,,,,1.882183763,
SLC30A7,2.02858636,,-1.838035503,,,1.716222598,,,2.192741645,,2.530414501,,,2.014701843,
SLC30A9,2.229155002,,,-1.368365702,,,,3.004291267,1.651279015,,3.023542111,,,2.596590371,
SLC35A3,,,-1.621567493,,,,,,1.283830222,,,2.462834618,,,
SLC40A1,,-3.224998536,,,,,,,,,2.459956129,,,,
SLC4A7,,,,,,,,2.076634381,,,,,-1.673407398,1.619301061,
SLIRP,,-1.392361466,-1.511273204,0.647132225,-3.372421742,,,,,,,,-2.174255774,,
SLU7,1.06838733,,-1.661558243,0.692693555,,1.055845242,,,1.151577088,,,,,1.093079197,
SMAP1,,,-3.560473093,,-2.956928851,1.12965996,,,1.154515009,,-3.017371646,,,1.350402145,
SMARCA2,,,-1.744184154,,,,,,0.909610603,,,,,,
SMARCA4,,-1.295030068,-1.702910154,,,,,,1.920247799,,,,,,
SMARCA5,0.961855934,,-1.449162805,0.89684365,,,,,0.837808922,1.171839277,,1.283588454,,,
SMARCE1,,,-1.252687476,-0.797199444,,0.758589035,,,,-2.459521939,,,,0.847728208,
SMC3,,,-1.511502136,-0.693447379,,0.741150805,,,,-2.100152146,,,,0.768851043,
SNED1,,,,,,,,6.009773647,,-2.689416637,,,,,
SNHG25,,1.214517432,,,,,-2.127275026,-1.498864739,,,,,,,
SNHG32,,0.99121867,-1.886738326,,,,,-1.338377896,,-1.582753284,,,,,
SNRNP200,0.711570192,-1.134079785,-1.506344129,,,,,,,,,,,,
SNRNP27,0.664914426,-1.387424352,,,,,,,,,,,,,
SNRNP40,-1.184126409,,-1.726730696,,,0.670711965,,,,,,,,,
SNRPB,,,-1.003639528,,,0.791197756,,1.061366897,0.931892304,,,1.171859935,,0.793773871,
SNRPC,-0.989529447,,-1.808637986,,,0.780154088,,,0.836379069,,,1.41554724,,0.982410574,
SNRPD1,,-0.861496489,-1.322921523,,,0.658585072,,1.015123604,0.70283335,,,,,0.777422182,
SNRPG,,,-1.532678933,,-2.479956698,,-2.084307883,,,,-3.40075694,0.856067445,,,
SNU13,,-0.531487773,-1.344396856,,-2.60332915,,-3.502763377,,0.710310725,,,1.229584878,,0.517343218,
SNX6,,,-1.639602667,-0.552249141,-3.279465909,0.620759222,,,,,-2.72592014,,-1.94593237,,
SOCS3,,,,,,,,-2.257725051,,3.157521852,,,-2.294559578,,
SON,,,,,-2.290547281,,-3.956536217,,,,,0.856119107,-1.361271678,,
SOX4,2.51313369,,-1.976045609,,,3.493930459,,4.498652867,,,,5.040845697,5.012103804,,
SP100,,0.893682907,,,-1.718650587,,,,,,-1.499461031,-0.970103202,-1.299456496,,
SP110,,,,,-3.049815553,,-3.65046279,,-1.229696141,-1.538200807,,,-1.948875866,0.812092485,
SPG7,,-0.923738527,,,,0.948073355,1.521447758,,1.472235915,,,,,1.020840292,
SPOP,0.706486044,,-1.873164964,-1.630671164,,,,,,,,,-1.488198089,,
SPTAN1,,,,,,,-1.689261027,,1.204401962,-1.136377809,-3.953080768,1.431209318,-1.101781042,,
SRA1,,,-1.441064728,1.300127493,,,,,,,,,,,
SRBD1,,-1.951386068,-3.004391698,1.471615324,,,,,,,,,,-1.677966673,
SRGN,,,,,,,-1.147972381,,1.432218893,,,1.381767139,,,
SRP19,,,-1.107723337,,,0.643174019,,,,-1.734204524,,,,,
SRP72,,,-1.35892772,,,,,,,,,,,0.677659874,
SRPRA,0.992520467,-1.001484192,-1.244721076,-1.039468259,,,,,,,,,-1.588930165,,
SRRM1,0.582381389,,-2.53196717,,-2.355914297,0.688141163,-4.021210587,1.015547246,,,,0.939306096,,0.673373393,
SRRM2,0.864743077,,,,-2.023253138,,1.153673371,0.86477373,0.848516617,,,0.841154505,,0.822833298,
SRSF10,1.175370551,0.691904698,-2.296586757,1.002774501,,0.844555025,,1.168963249,0.963588219,,,1.10387765,,0.866028757,
SSBP2,,,,,,,-2.08282334,,1.707925292,,,,,,
SSBP4,-1.57872246,,,,,1.139221085,,,1.553078949,,,,,1.080583708,
ST3GAL5,,-1.835070352,,,,,,,,,,,,1.728545021,
ST8SIA1,,,,-6.901537486,3.496277129,,,5.040721412,,,,-2.27502992,,,
STARD7,,-0.986255723,,1.065482379,,1.289615575,,,1.398373094,1.737210021,,1.73843708,,1.208739273,
STAT4,,-1.925471938,,,3.750765727,,3.590779251,,1.996810478,,2.685184341,,,,
STAT5A,,,-1.634102398,1.775192649,,,,,1.017576183,,,1.786220367,,,
STIM2,,,-1.727003904,,,,,,1.407571172,1.673113464,1.750728926,1.92860707,,1.273385969,
STK39,,-1.560923819,-3.681715973,,,,,,,2.053920362,1.916153377,,-2.621989412,,
STK4,,,,,,,,0.845699158,,-1.114456944,-2.268540871,,,,
STOM,,-2.966609684,,,,,,,2.437800458,,,,,,
STRADA,1.24653129,,,,,-0.970641725,,,,,,,,-0.872171443,
STRN,-0.970864647,-0.659743149,,,,,,,,,,,,1.315157219,
STX8,,,-1.448761391,,,,,-2.362036935,1.307718169,,,,-2.819294748,,
STXBP3,,,-1.364076368,,,1.012992326,,,,,,,,1.196314828,
STXBP5,-1.67261883,,,,,,,,,,2.628289618,2.522752645,-2.123937922,,
SUB1,,0.409956757,-2.168357071,,-3.583364389,0.712012612,-3.254033468,,,,,0.849310403,,0.54753033,
SUFU,,,-2.239646843,,,,,,3.654666049,,,,,,
SUMO1,,-0.630850549,-1.186347743,,,0.620808414,,,,-1.248812923,,,,0.699081099,
SUPT3H,,,,,,,,,,,,2.06640014,-1.706435698,,
SUPT4H1,,-0.705493939,-1.024891862,-0.740052297,,,-3.29164568,,,,,,,0.846692061,
SVIP,,-3.190305821,,,,,,-1.42185389,1.063498684,,,,-2.557081436,,
SYF2,,,,,-2.789269921,,-2.295170626,,,,-2.206537182,,,0.582669595,
SYNE2,,,-2.935624317,,,,2.700696352,,,,,,,,
TAF1D,1.025616898,,-1.394500922,,-3.155743751,,-3.036719279,-0.937017377,,-1.634927563,,1.39983069,,,
TANC2,,,3.274277071,,,-1.01591982,,,,,,,,3.054058455,
TAOK3,,,,,,,,-0.933251535,,,-1.628302881,0.949214099,-1.337233432,,
TASP1,,,-1.842405805,,,,,,2.136077736,,,,,,
TBC1D2B,,-1.453182537,,,,1.510927169,,,,2.094163086,,2.40886817,,,
TBRG1,,-1.065707176,-2.135690926,,,,,2.162118083,1.360571802,1.021966037,,,,1.320154484,
TCF20,-0.630791676,,,,2.90524549,2.08597313,,3.208301143,2.573013151,2.550733646,2.935134849,2.861797509,2.528368821,2.162175491,
TCOF1,1.805587093,-1.215046835,-3.861884163,,,,,,,,,,,,
TCP1,0.644040063,,-0.992122579,0.716225948,,,-3.826695119,,,,,,,,
TENT5C,,-3.930111482,4.645605294,,3.249924394,,,,3.869219918,,3.427928364,,,,
TESPA1,,,,-2.780245282,,,,1.61582432,,,,,-1.597878595,0.760996433,
TFAM,,-1.223940143,-2.902444732,0.778737859,,,,,,,,,,0.636320709,
TFRC,,-2.542718617,,2.108431411,,2.079803736,,2.765347711,1.779933413,,,2.144986423,,2.692780559,
THRAP3,,,,,,,,,1.046038395,,-1.38968369,,,,
TIGAR,1.874255881,,,,,,-1.898308056,,,2.705143008,,2.869748499,,,
TIPRL,0.805960791,-1.136412113,-1.292397923,,,0.999283373,,,1.19284302,,,,,1.110698011,
TKT,,,-1.364552079,,,,1.392953956,,,,,,-1.930240576,0.729644302,
TLN1,,,,,-2.24043667,,,-1.507096593,1.17405662,,-3.37072933,-2.096899573,-1.928826312,,
TLR1,1.948442364,,-1.659111155,,,,,,,,,,,,
TM9SF2,1.030577605,,-2.272802814,,,1.135813535,,1.653005921,1.48131637,1.448393563,,,,1.516121662,
TMC6,,,,-0.774963384,,,,,,,,2.381531701,,-0.882619435,
TMCC1,,,,-1.265805243,,,,3.804680734,,,,,,2.772474714,
TMEM107,,,-2.479026278,,,,,2.579095055,2.188904992,,,2.897212722,,,
TMEM117,,,,-2.596674584,,,,,,3.946886862,,,,,
TMEM123,,,,,-2.78154516,,,-0.967991401,,,,,,0.604339902,
TMEM167A,,,-1.455759849,,,0.572114797,,,,,,,,,
TMEM243,,,-2.466438619,0.994748498,-3.251370706,0.721750529,,0.973611391,,,-2.875805288,,-1.399660128,0.840477576,
TMEM259,,-0.819995734,,,,,,,1.792009708,,,,,,
TMEM267,-0.903088364,,,,,1.730133918,,3.188978003,2.070919933,,,,,,
TMEM50A,,,-1.340619504,,-1.776107108,0.834699902,,,,-1.026467557,,,-1.562713199,1.077358799,
TMEM9B,,0.447233282,-1.904856904,,,,,,,,,,,,
TMOD3,,,,,-2.499045521,1.052840156,,,0.975250625,,,,,1.174636671,
TNFAIP8,,-1.233778518,-2.283029589,,-3.01980849,,2.256508695,1.232511379,,,,-1.00493759,,,
TNFRSF1B,,,,,,,,,1.356727332,,,-1.267280775,,,
TOB1,,,,1.396025286,,1.756475304,,,2.088256264,,-2.72950068,2.027995649,2.26491117,2.291290299,
TOMM22,,-1.3803423,-1.425594913,,,,,,1.165086747,-2.996840032,,,,,
TPK1,,,,,,,,,2.731393988,-2.570730838,,,,,
TRABD,1.076811595,,,-0.905409365,,,,,-1.033908737,,,,-1.927411572,,
TRAPPC4,,,-2.271564147,,,0.937728157,,,,,,,,,
TRAT1,,,,,,,,,,-1.234343387,,,-1.965858029,0.874545342,
TREML1,,-4.443674488,6.415278884,,,,,,,,,,,,
TRIM58,,-3.398718537,3.485132317,,7.767674515,,,7.53987497,8.615265782,9.044073195,8.241807887,,9.117468329,,
TRIM8,,,-1.22633287,,,2.045438868,,2.943373413,2.211684434,,,,2.45764336,,
TRMT10C,0.865891555,,-1.653792706,0.830810357,,0.934067465,,,0.95149645,,,1.449803559,,1.028860897,
TSPOAP1,,-2.869176928,,,,,,,,3.7236947,,,,,
TSPYL1,,,-1.327011977,1.290688415,,1.207145317,,,1.22580927,,1.896182658,1.334363944,,1.403792133,
TTC33,,,-3.347579134,,,1.943678338,,,2.195513761,,,,,,
TTC37,,-0.958362426,,,,1.095750958,,,,,,,,1.145139616,
TUBA1A,,,-1.859562719,,,,,1.694687106,,,,,,1.389759653,
TUBA4A,,,,,,,,,-1.203136441,,-2.129868334,1.742595845,-1.473415716,,
TUBB1,,-3.995563445,6.918949872,,,,,,,,,,,,
TUBB4B,,,1.626038223,,,1.399059139,-2.183277261,,1.82999716,1.578891978,,,,1.547089392,
TUG1,1.198643661,-0.978212858,,,,-1.347123968,,,,,,,,,
TXNDC16,,-1.717331434,,,4.114776722,2.644087542,,3.751928266,3.057760712,,,4.039610077,1.659731039,3.125637622,
TYW1,,-1.29201635,,,,,,,2.318242685,2.131318162,2.481218978,2.394121849,2.019830725,,
U2SURP,0.564360439,,,,-2.248038841,,,,,,,,-1.260409219,,
UBAP2L,1.162368053,-0.668711705,,,,,,,,,,,,,
UBB,,,,,3.418140504,,-2.735231783,,,,,,,,
UBE2A,,,-2.343504833,0.895630773,,1.511101771,,,,1.377077782,,,,1.261157768,
UBE2L3,,,-3.229723434,,,0.712157075,,,0.70329747,,,,,0.768592589,
UBE2S,1.455185299,1.36165832,,1.347067837,,1.995356092,-1.902535883,2.81605988,1.499965298,,,2.15889709,1.849336798,1.683047566,
UBE4B,-0.738449957,,,,,,,,2.257764599,,,,,,
UBR2,1.152245201,,,,,,,,,-1.456575161,,1.254145735,,,
UBXN4,0.823662456,,-1.194077032,,-2.408898432,0.496536135,,,,,,,-1.582810486,0.540382095,
UFD1,,,-2.015590136,,,0.816991865,,,,,,,,,
UGCG,-1.41975508,,,,,1.316685824,,2.099980581,1.533335637,,2.056198326,,,1.713476164,
UGGT1,,-0.821042057,,-0.665078997,,,,,1.791790574,,,,,,
ULK4,,-1.919578885,,,,,,-1.7545363,2.769423421,,2.640734594,2.397517957,,,
UMAD1,,-2.176645042,,,,,,,,-1.929438412,,2.827860538,,,
UNC13D,,,-3.324177034,1.032151007,,,,,,,,,,,
UQCRC2,,,,,,,,,1.058554262,,,,-1.345759198,0.853589343,
UQCRFS1,,,-2.234758326,,-2.700912254,0.84688121,,1.27768468,1.071528464,,,,,0.881031595,
URM1,1.316631024,,-2.639990916,0.960862361,,1.249069299,,,1.376686151,,,,,1.244727064,
USP48,-0.755337437,,,,2.201630984,,,,,,,,,,
UST,,,-2.55236897,,,,,,5.18421692,5.731843266,4.209299981,3.915107631,4.26705404,7.099703259,
UTP18,0.768121401,-1.934446778,-3.282072123,0.934274224,,0.91536686,,,1.197175215,,,,,,
VAPA,0.747950437,,,0.714290303,-1.683286005,0.638431855,,1.421140715,0.748787938,,,,,0.731595183,
VCP,-0.709481533,0.490276742,,,,,,,0.820455211,,,,,,
VDAC1,,-0.825870831,-1.372431047,,,,,,0.756897363,-1.930799281,,,,0.816538784,
VMP1,,,,,-2.24772446,1.352857285,,1.897099009,1.400316771,1.883907942,1.715533847,1.701908375,,1.720384118,
VPS51,,-0.82188179,,,,,,,0.806119873,,,,,0.717227225,
VPS54,-1.135492947,,,-1.49960719,,2.83334626,,3.71017616,,,3.361135855,,,,
WAPL,-0.736851688,,,,,0.900792941,,,0.796414437,,,1.062709325,,1.008380199,
WDPCP,,-1.477451592,-1.859469058,,,,,,,3.711564371,3.865003864,3.769275818,,,
WDR1,,0.813449,,,,,,,,,,,,-1.024337587,
WSB1,1.204409793,,,,,,,,,,,1.21191173,-1.218332814,,
XIST,,,-1.05466334,,,,,1.255251232,,,,,,,
XKR6,,,,,4.036187887,,,,,,4.010596434,,-2.935486174,3.836944586,
XPC,,-1.261069827,-1.548832402,,,,,,,,,,,0.913675825,
XRCC6,,,,,-2.501407508,,,1.271081827,0.78993646,,,0.94217651,,0.968427115,
XRN2,0.709938817,,,,-2.52576515,0.684973495,,,0.811505919,,,,-1.451412176,0.782497455,
YEATS2,,,,-1.043799615,,2.127183997,,,,,,3.376151941,2.42178233,3.069188399,
YIPF4,-0.582336222,,,-0.69217651,,0.727320077,,,,,,,,,
YLPM1,1.493280395,,-3.519281561,,,1.436413789,,2.619887355,1.992897539,1.885074467,2.546484997,,,,
YPEL2,,,-1.033644225,,,,,1.926309762,,,,,,1.511092168,
YTHDC2,,-0.845198519,,,2.480583238,,,1.577390778,1.359826271,,1.744024221,,,1.460090584,
YTHDF2,,,-3.079758063,0.777927057,,0.688821239,,,,,,,,1.013875214,
YWHAQ,0.84623096,,,,-2.39261409,1.313348672,,,,,,,-1.341662194,,
YWHAZ,0.873561886,,,,-2.166929001,0.710245603,,0.807811308,,,,,,0.775936141,
YY1,,,,,,,-2.328370588,,,,,,,0.573846028,
ZBTB16,,,,,,-3.706415286,,,,,4.771550033,,,,
ZBTB44,1.145095536,,,-1.011387326,,,,,,-1.464428002,,,,1.029407378,
ZCRB1,-0.987745875,-0.860985937,-1.542410987,-0.907544345,,0.744626696,,,,,,,,1.081052799,
ZDHHC17,,,,-0.957852808,2.274785388,,,1.950294327,2.143521066,,,2.130272448,,2.021223089,
ZFAND2A,1.675697377,1.60491051,,1.24408927,2.153462966,2.036036765,-4.293168673,2.325209633,1.93060688,1.980370019,,2.095414062,1.49534129,2.08259213,
ZFP36,,,,,,,,-0.958245089,,,,1.954645492,,,
ZFP36L1,,,,,,,,,,,-1.845716722,,,1.341156575,
ZNF33A,,-0.975522545,,,,,,,,-1.449331022,1.597855889,,,,
ZNF655,,-0.634730312,,0.663484074,,,,,,,,,,,
